,Name,Namelsad,Mexican Population,Latino Population,Total Population,Nombre,Apellido,Exportaciones (dolares),"Exports to Mexico, 2018 (USD Million)","Total Jobs, 2018",Representative,Party Affiliation,Rep and Party,District
0,Connecticut,Congressional District 1,6803.0,119264.0,713076.0,John,Larson,172264304.3,172.0,954.0,John Larson,Democrat,John Larson (D),Connecticut 1st
1,Connecticut,Congressional District 3,14011.0,111070.0,715728.0,Rosa,DeLauro,182143014.0,182.0,976.0,Rosa DeLauro,Democrat,Rosa DeLauro (D),Connecticut 3rd
2,Connecticut,Congressional District 4,21072.0,143357.0,735915.0,Jim,Himes,161074324.6,161.0,746.0,Jim Himes,Democrat,Jim Himes (D),Connecticut 4th
3,Connecticut,Congressional District 5,8570.0,129164.0,711761.0,Jahana,Hayes,194786741.8,195.0,1035.0,Jahana Hayes,Democrat,Jahana Hayes (D),Connecticut 5th
4,Connecticut,Congressional District 2,6927.0,58936.0,705024.0,Joe,Courtney,215028505.3,215.0,1128.0,Joe Courtney,Democrat,Joe Courtney (D),Connecticut 2nd
5,Maine,Congressional District 1,3309.0,12149.0,679024.0,Chellie,Pingree,20896887.84,21.0,109.0,Chellie Pingree,Democrat,Chellie Pingree (D),Maine 1st
6,Maine,Congressional District 2,2942.0,9272.0,653789.0,Jared,Golden,28856150.16,29.0,140.0,Jared Golden,Democrat,Jared Golden (D),Maine 2nd
7,Massachusetts,Congressional District 1,5018.0,130719.0,730959.0,Richie,Neal,241996739.9,242.0,1370.0,Richie Neal,Democrat,Richie Neal (D),Massachusetts 1st
8,Massachusetts,Congressional District 3,5592.0,147080.0,763936.0,Lori,Trahan,535567246.1,536.0,2549.0,Lori Trahan,Democrat,Lori Trahan (D),Massachusetts 3rd
9,Massachusetts,Congressional District 5,7283.0,69685.0,766241.0,Katherine,Clark,269328652.7,269.0,1251.0,Katherine Clark,Democrat,Katherine Clark (D),Massachusetts 5th
10,Massachusetts,Congressional District 4,4030.0,37226.0,754622.0,Joe,Kennedy,287428227.9,287.0,1511.0,Joe Kennedy,Democrat,Joe Kennedy (D),Massachusetts 4th
11,Massachusetts,Congressional District 7,9544.0,176171.0,795850.0,Ayanna,Pressley,45366343.47,45.0,229.0,Ayanna Pressley,Democrat,Ayanna Pressley (D),Massachusetts 7th
12,Massachusetts,Congressional District 2,5049.0,72432.0,747493.0,Jim,McGovern,385902328.2,386.0,2050.0,Jim McGovern,Democrat,Jim McGovern (D),Massachusetts 2nd
13,Massachusetts,Congressional District 9,3087.0,39688.0,738604.0,Bill,Keating,147551990.7,148.0,821.0,Bill Keating,Democrat,Bill Keating (D),Massachusetts 9th
14,Massachusetts,Congressional District 6,4596.0,72441.0,767907.0,Seth,Moulton,508702936.9,509.0,2464.0,Seth Moulton,Democrat,Seth Moulton (D),Massachusetts 6th
15,Massachusetts,Congressional District 8,3712.0,43685.0,764581.0,Stephen,Lynch,86008956.19,86.0,476.0,Stephen Lynch,Democrat,Stephen Lynch (D),Massachusetts 8th
16,New Hampshire,Congressional District 1,3875.0,23305.0,677001.0,Chris,Pappas,218387239.7,218.0,972.0,Chris Pappas,Democrat,Chris Pappas (D),New Hampshire 1st
17,New Hampshire,Congressional District 2,4811.0,25051.0,666621.0,Annie,Kuster,201124435.3,201.0,1037.0,Annie Kuster,Democrat,Annie Kuster (D),New Hampshire 2nd
18,Rhode Island,Congressional District 1,6402.0,93994.0,532760.0,David,Cicilline,84809879.38,85.0,438.0,David Cicilline,Democrat,David Cicilline (D),Rhode Island 1st
19,Rhode Island,Congressional District 2,4721.0,64864.0,523851.0,Jim,Langevin,113611316.6,114.0,615.0,Jim Langevin,Democrat,Jim Langevin (D),Rhode Island 2nd
20,Vermont,Congressional District (at Large),3335.0,11677.0,624977.0,Peter,Welch,45419912.0,45.0,270.0,Peter Welch,Democrat,Peter Welch (D),Vermont Congressional District (at Large)
21,New Jersey,Congressional District 1,13351.0,98050.0,726200.0,Donald,Norcross,162666775.3,163.0,816.0,Donald Norcross,Democrat,Donald Norcross (D),New Jersey 1st
22,New Jersey,Congressional District 3,10252.0,59638.0,735635.0,Andy,Kim,197961580.7,198.0,1068.0,Andy Kim,Democrat,Andy Kim (D),New Jersey 3rd
23,New Jersey,Congressional District 10,10808.0,153838.0,749828.0,Donald,Payne,158016917.0,158.0,766.0,Donald Payne,Democrat,Donald Payne (D),New Jersey 10th
24,New Jersey,Congressional District 4,23894.0,77230.0,739922.0,Chris,Smith,105847811.0,106.0,519.0,Chris Smith,Republican,Chris Smith (R),New Jersey 4th
25,New Jersey,Congressional District 5,7885.0,101662.0,737642.0,Josh,Gottheimer,278008477.4,278.0,1306.0,Josh Gottheimer,Democrat,Josh Gottheimer (D),New Jersey 5th
26,New Jersey,Congressional District 7,9261.0,90143.0,739893.0,Tom,Malinowski,377928205.8,378.0,1722.0,Tom Malinowski,Democrat,Tom Malinowski (D),New Jersey 7th
27,New Jersey,Congressional District 2,33542.0,116263.0,719651.0,Jeff,Van Drew,247763319.4,248.0,1238.0,Jeff Van Drew,Republican,Jeff Van Drew (R),New Jersey 2nd
28,New Jersey,Congressional District 9,40399.0,282062.0,751755.0,Bill,Pascrell,269632378.2,270.0,1333.0,Bill Pascrell,Democrat,Bill Pascrell (D),New Jersey 9th
29,New Jersey,Congressional District 11,7443.0,82288.0,735773.0,Mikie,Sherrill,329378257.7,329.0,1570.0,Mikie Sherrill,Democrat,Mikie Sherrill (D),New Jersey 11th
30,New Jersey,Congressional District 6,29688.0,161562.0,736045.0,Frank,Pallone,332305975.0,332.0,1433.0,Frank Pallone,Democrat,Frank Pallone (D),New Jersey 6th
31,New Jersey,Congressional District 12,18479.0,130412.0,748549.0,Bonnie Watson,Coleman,355235128.4,355.0,1536.0,Bonnie Watson Coleman,Democrat,Bonnie Watson Coleman (D),New Jersey 12th
32,New Jersey,Congressional District 8,25873.0,414872.0,760952.0,Albio,Sires,131510339.1,132.0,607.0,Albio Sires,Democrat,Albio Sires (D),New Jersey 8th
33,New York,Congressional District 1,7720.0,105126.0,717383.0,Lee,Zeldin,91979827.61,92.0,511.0,Lee Zeldin,Republican,Lee Zeldin (R),New York 1st
34,New York,Congressional District 7,53484.0,295651.0,734208.0,Nydia,Velázquez,26144651.77,26.0,180.0,Nydia Velázquez,Democrat,Nydia Velázquez (D),New York 7th
35,New York,Congressional District 27,5218.0,19272.0,715792.0,Chris,Jacobs,271134320.6,271.0,1441.0,Chris Jacobs,Republican,Chris Jacobs (R),New York 27th
36,New York,Congressional District 17,19211.0,163624.0,738481.0,Nita,Lowey,76572255.57,77.0,418.0,Nita Lowey,Democrat,Nita Lowey (D),New York 17th
37,New York,Congressional District 14,61948.0,349790.0,705681.0,Alexandria,Ocasio-Cortez,15249669.03,15.0,97.0,Alexandria Ocasio-Cortez,Democrat,Alexandria Ocasio-Cortez (D),New York 14th
38,New York,Congressional District 6,14441.0,144958.0,732433.0,Grace,Meng,11724346.51,12.0,78.0,Grace Meng,Democrat,Grace Meng (D),New York 6th
39,New York,Congressional District 5,8273.0,149269.0,772342.0,Gregory,Meeks,13004121.75,13.0,80.0,Gregory Meeks,Democrat,Gregory Meeks (D),New York 5th
40,New York,Congressional District 24,4046.0,30981.0,707425.0,John,Katko,297721555.0,298.0,1628.0,John Katko,Republican,John Katko (R),New York 24th
41,New York,Congressional District 16,29378.0,186143.0,741586.0,Eliot,Engel,42445143.5,42.0,264.0,Eliot Engel,Democrat,Eliot Engel (D),New York 16th
42,New York,Congressional District 11,27413.0,126197.0,730634.0,Max,Rose,4650041.634,5.0,32.0,Max Rose,Democrat,Max Rose (D),New York 11th
43,New York,Congressional District 15,50573.0,492907.0,744647.0,José,Serrano,7941840.925,8.0,52.0,José Serrano,Democrat,José Serrano (D),New York 15th
44,New York,Congressional District 23,5084.0,27448.0,699965.0,Tom,Reed,415706422.0,416.0,2349.0,Tom Reed,Republican,Tom Reed (R),New York 23rd
45,New York,Congressional District 8,14669.0,139061.0,771343.0,Hakeem,Jeffries,9258203.165,9.0,66.0,Hakeem Jeffries,Democrat,Hakeem Jeffries (D),New York 8th
46,New York,Congressional District 12,14951.0,98210.0,719072.0,Carolyn,Maloney,72288440.88,72.0,477.0,Carolyn Maloney,Democrat,Carolyn Maloney (D),New York 12th
47,New York,Congressional District 18,22667.0,120608.0,721629.0,Sean Patrick,Maloney,158586528.2,159.0,813.0,Sean Patrick Maloney,Democrat,Sean Patrick Maloney (D),New York 18th
48,New York,Congressional District 2,7819.0,167874.0,715030.0,Pete,King,137908133.4,138.0,765.0,Pete King,Republican,Pete King (R),New York 2nd
49,New York,Congressional District 20,5026.0,46178.0,725925.0,Paul,Tonko,606306828.5,606.0,3134.0,Paul Tonko,Democrat,Paul Tonko (D),New York 20th
50,New York,Congressional District 25,3689.0,62720.0,717362.0,Joe,Morelle,229930732.8,230.0,1222.0,Joe Morelle,Democrat,Joe Morelle (D),New York 25th
51,New York,Congressional District 3,5008.0,79273.0,727480.0,Tom,Suozzi,61257126.41,61.0,342.0,Tom Suozzi,Democrat,Tom Suozzi (D),New York 3rd
52,New York,Congressional District 21,5688.0,24211.0,706791.0,Elise,Stefanik,151077008.8,151.0,887.0,Elise Stefanik,Republican,Elise Stefanik (R),New York 21st
53,New York,Congressional District 10,22888.0,93501.0,730760.0,Jerry,Nadler,25959080.74,26.0,147.0,Jerry Nadler,Democrat,Jerry Nadler (D),New York 10th
54,New York,Congressional District 4,6231.0,150031.0,722626.0,Kathleen,Rice,26977045.56,27.0,154.0,Kathleen Rice,Democrat,Kathleen Rice (D),New York 4th
55,New York,Congressional District 13,48959.0,423736.0,774528.0,Adriano,Espaillat,1381225.323,1.0,10.0,Adriano Espaillat,Democrat,Adriano Espaillat (D),New York 13th
56,New York,Congressional District 26,3453.0,46141.0,711502.0,Brian,Higgins,254683931.3,255.0,1392.0,Brian Higgins,Democrat,Brian Higgins (D),New York 26th
57,New York,Congressional District 22,3159.0,26250.0,699564.0,Anthony,Brindisi,321368666.0,321.0,1649.0,Anthony Brindisi,Democrat,Anthony Brindisi (D),New York 22nd
58,New York,Congressional District 9,17021.0,83778.0,733271.0,Yvette,Clarke,6279626.058999999,6.0,46.0,Yvette Clarke,Democrat,Yvette Clarke (D),New York 9th
59,New York,Congressional District 19,9177.0,52650.0,700993.0,Antonio,Delgado,95573084.94,96.0,547.0,Antonio Delgado,Democrat,Antonio Delgado (D),New York 19th
60,Pennsylvania,Congressional District 1,8593.0,36875.0,709207.0,Brian,Fitzpatrick,278663977.7,279.0,1333.0,Brian Fitzpatrick,Republican,Brian Fitzpatrick (R),Pennsylvania 1st
61,Pennsylvania,Congressional District 18,5291.0,16808.0,699856.0,Mike,Doyle,171221812.9,171.0,858.0,Mike Doyle,Democrat,Mike Doyle (D),Pennsylvania 18th
62,Pennsylvania,Congressional District 7,9642.0,131579.0,722048.0,Susan,Wild,364472163.7,364.0,1829.0,Susan Wild,Democrat,Susan Wild (D),Pennsylvania 7th
63,Pennsylvania,Congressional District 2,8711.0,185446.0,734861.0,Brendan,Boyle,26654132.82,27.0,134.0,Brendan Boyle,Democrat,Brendan Boyle (D),Pennsylvania 2nd
64,Pennsylvania,Congressional District 17,3398.0,11062.0,711725.0,Conor,Lamb,295482913.3,295.0,1387.0,Conor Lamb,Democrat,Conor Lamb (D),Pennsylvania 17th
65,Pennsylvania,Congressional District 14,2795.0,9110.0,691459.0,Guy,Reschenthaler,318064404.0,318.0,1633.0,Guy Reschenthaler,Republican,Guy Reschenthaler (R),Pennsylvania 14th
66,Pennsylvania,Congressional District 6,32613.0,109211.0,725593.0,Chrissy,Houlahan,339090372.1,339.0,1706.0,Chrissy Houlahan,Democrat,Chrissy Houlahan (D),Pennsylvania 6th
67,Pennsylvania,Congressional District 3,6911.0,33468.0,722979.0,Dwight,Evans,34551783.81,35.0,166.0,Dwight Evans,Democrat,Dwight Evans (D),Pennsylvania 3rd
68,Pennsylvania,Congressional District 10,10338.0,58280.0,727144.0,Scott,Perry,128726565.5,129.0,754.0,Scott Perry,Republican,Scott Perry (R),Pennsylvania 10th
69,Pennsylvania,Congressional District 4,11587.0,35322.0,724647.0,Madeleine,Dean,171557366.2,172.0,772.0,Madeleine Dean,Democrat,Madeleine Dean (D),Pennsylvania 4th
70,Pennsylvania,Congressional District 5,6406.0,30849.0,714120.0,Mary Gay,Scanlon,185910075.8,186.0,787.0,Mary Gay Scanlon,Democrat,Mary Gay Scanlon (D),Pennsylvania 5th
71,Pennsylvania,Congressional District 16,3827.0,17255.0,692426.0,Mike,Kelly,310484856.4,310.0,1855.0,Mike Kelly,Republican,Mike Kelly (R),Pennsylvania 16th
72,Pennsylvania,Congressional District 13,10421.0,22038.0,698730.0,John,Joyce,328513964.6,329.0,1834.0,John Joyce,Republican,John Joyce (R),Pennsylvania 13th
73,Pennsylvania,Congressional District 11,7594.0,61493.0,728820.0,Lloyd,Smucker,242589254.7,243.0,1437.0,Lloyd Smucker,Republican,Lloyd Smucker (R),Pennsylvania 11th
74,Pennsylvania,Congressional District 9,6377.0,44205.0,705114.0,Dan,Meuser,435624422.8,436.0,2256.0,Dan Meuser,Republican,Dan Meuser (R),Pennsylvania 9th
75,Pennsylvania,Congressional District 15,3191.0,10227.0,685714.0,Glenn,Thompson,215814737.2,216.0,1278.0,Glenn Thompson,Republican,Glenn Thompson (R),Pennsylvania 15th
76,Pennsylvania,Congressional District 12,4765.0,16552.0,701191.0,Fred,Keller,219298034.0,219.0,1227.0,Fred Keller,Republican,Fred Keller (R),Pennsylvania 12th
77,Pennsylvania,Congressional District 8,10077.0,75376.0,695547.0,Matt,Cartwright,162974058.5,163.0,861.0,Matt Cartwright,Democrat,Matt Cartwright (D),Pennsylvania 8th
78,Illinois,Congressional District 1,61989.0,72104.0,708118.0,Bobby,Rush,159709010.0,160.0,924.0,Bobby Rush,Democrat,Bobby Rush (D),Illinois 1st
79,Illinois,Congressional District 18,13050.0,19725.0,707835.0,Darin,LaHood,783468991.7,783.0,5075.0,Darin LaHood,Republican,Darin LaHood (R),Illinois 18th
80,Illinois,Congressional District 7,77837.0,113259.0,724652.0,Danny,Davis,242575820.7,243.0,1444.0,Danny Davis,Republican,Danny Davis (R),Illinois 7th
81,Illinois,Congressional District 2,86226.0,97350.0,703782.0,Robin,Kelly,328405963.9,328.0,1830.0,Robin Kelly,Democrat,Robin Kelly (D),Illinois 2nd
82,Illinois,Congressional District 14,70427.0,91616.0,735045.0,Lauren,Underwood,698610230.7,699.0,3956.0,Lauren Underwood,Democrat,Lauren Underwood (D),Illinois 14th
83,Illinois,Congressional District 5,84146.0,145336.0,740075.0,Mike,Quigley,381313353.2,381.0,2218.0,Mike Quigley,Democrat,Mike Quigley (D),Illinois 5th
84,Illinois,Congressional District 16,56684.0,66595.0,695502.0,Adam,Kinzinger,1238944733.0,1239.0,7860.0,Adam Kinzinger,Republican,Adam Kinzinger (R),Illinois 16th
85,Illinois,Congressional District 13,16010.0,24540.0,704851.0,Rodney,Davis,563418594.2,563.0,3817.0,Rodney Davis,Republican,Rodney Davis (R),Illinois 13th
86,Illinois,Congressional District 17,52540.0,62493.0,688356.0,Cheri,Bustos,858394891.4,858.0,5382.0,Cheri Bustos,Democrat,Cheri Bustos (D),Illinois 17th
87,Illinois,Congressional District 6,56651.0,74019.0,727847.0,Sean,Casten,520360697.6,520.0,2947.0,Sean Casten,Democrat,Sean Casten (D),Illinois 6th
88,Illinois,Congressional District 3,201255.0,230339.0,717897.0,Dan,Lipinski,238527020.1,239.0,1358.0,Dan Lipinski,Democrat,Dan Lipinski (D),Illinois 3rd
89,Illinois,Congressional District 10,133888.0,162102.0,712819.0,Brad,Schneider,683946543.1,684.0,3379.0,Brad Schneider,Democrat,Brad Schneider (D),Illinois 10th
90,Illinois,Congressional District 4,379136.0,486884.0,699621.0,Chuy,Garcia,241728034.3,242.0,1439.0,Chuy Garcia,Democrat,Chuy Garcia (D),Illinois 4th
91,Illinois,Congressional District 11,170213.0,197197.0,722593.0,Bill,Foster,491527121.0,492.0,2536.0,Bill Foster,Democrat,Bill Foster (D),Illinois 11th
92,Illinois,Congressional District 9,53349.0,82411.0,723507.0,Jan,Schakowsky,215788230.3,216.0,1262.0,Jan Schakowsky,Democrat,Jan Schakowsky (D),Illinois 9th
93,Illinois,Congressional District 15,14576.0,19866.0,696632.0,John,Shimkus,1253383215.0,1253.0,8157.0,John Shimkus,Republican,John Shimkus (R),Illinois 15th
94,Illinois,Congressional District 12,17687.0,24128.0,697270.0,Mike,Bost,614026480.6,614.0,3464.0,Mike Bost,Republican,Mike Bost (R),Illinois 12th
95,Illinois,Congressional District 8,170167.0,204878.0,715095.0,Raja,Krishnamoorthi,834179091.4,834.0,4764.0,Raja Krishnamoorthi,Democrat,Raja Krishnamoorthi (D),Illinois 8th
96,Indiana,Congressional District 2,54926.0,69157.0,722805.0,Jackie,Walorski,749628680.4,750.0,4587.0,Jackie Walorski,Republican,Jackie Walorski (R),Indiana 2nd
97,Indiana,Congressional District 9,17263.0,25002.0,747995.0,Trey,Hollingsworth,460135136.3,460.0,2670.0,Trey Hollingsworth,Republican,Trey Hollingsworth (R),Indiana 9th
98,Indiana,Congressional District 6,14501.0,19751.0,718706.0,Greg,Pence,1547422693.0,1547.0,8875.0,Greg Pence,Republican,Greg Pence (R),Indiana 6th
99,Indiana,Congressional District 8,11860.0,17403.0,719671.0,Larry,Bucshon,536180400.7,536.0,3121.0,Larry Bucshon,Republican,Larry Bucshon (R),Indiana 8th
100,Indiana,Congressional District 1,84969.0,110417.0,715348.0,Pete,Visclosky,275083592.1,275.0,1327.0,Pete Visclosky,Democrat,Pete Visclosky (D),Indiana 1st
101,Indiana,Congressional District 3,35601.0,45152.0,739773.0,Jim,Banks,768279268.8,768.0,4623.0,Jim Banks,Republican,Jim Banks (R),Indiana 3rd
102,Indiana,Congressional District 5,21923.0,34048.0,767053.0,Susan,Brooks,236170923.6,236.0,1327.0,Susan Brooks,Republican,Susan Brooks (R),Indiana 5th
103,Indiana,Congressional District 4,33408.0,44973.0,750717.0,Jim,Baird,802102204.5,802.0,4712.0,Jim Baird,Republican,Jim Baird (R),Indiana 4th
104,Indiana,Congressional District 7,58768.0,84364.0,755358.0,André,Carson,169034496.0,169.0,750.0,André Carson,Democrat,André Carson (D),Indiana 7th
105,Michigan,Congressional District 1,9696.0,13550.0,699432.0,Jack,Bergman,417443243.1,417.0,2560.0,Jack Bergman,Republican,Jack Bergman (R),Michigan 1st
106,Michigan,Congressional District 7,22883.0,31248.0,705518.0,Tim,Walberg,844338425.2,844.0,5000.0,Tim Walberg,Republican,Tim Walberg (R),Michigan 7th
107,Michigan,Congressional District 2,55477.0,70454.0,735626.0,Bill,Huizenga,1690341324.0,1690.0,10165.0,Bill Huizenga,Republican,Bill Huizenga (R),Michigan 2nd
108,Michigan,Congressional District 6,34346.0,43781.0,716503.0,Fred,Upton,1249403042.0,1249.0,7460.0,Fred Upton,Republican,Fred Upton (R),Michigan 6th
109,Michigan,Congressional District 14,24047.0,33645.0,691955.0,Brenda,Lawrence,461696466.7,462.0,2627.0,Brenda Lawrence,Democrat,Brenda Lawrence (D),Michigan 14th
110,Michigan,Congressional District 3,35061.0,54699.0,737911.0,Justin,Amash,1391773841.0,1392.0,8750.0,Justin Amash,Libertarian,Justin Amash (L),Michigan 3rd
111,Michigan,Congressional District 10,18086.0,23466.0,717176.0,Paul,Mitchell,898616187.1,899.0,5656.0,Paul Mitchell,Republican,Paul Mitchell (R),Michigan 10th
112,Michigan,Congressional District 5,27684.0,33552.0,679543.0,Dan,Kildee,503880403.3,504.0,3110.0,Dan Kildee,Democrat,Dan Kildee (D),Michigan 5th
113,Michigan,Congressional District 4,17047.0,22441.0,701141.0,John,Moolenaar,872769353.5,873.0,4884.0,John Moolenaar,Republican,John Moolenaar (R),Michigan 4th
114,Michigan,Congressional District 13,38536.0,51001.0,679044.0,Rashida,Tlaib,685024446.6,685.0,3546.0,Rashida Tlaib,Democrat,Rashida Tlaib (D),Michigan 13th
115,Michigan,Congressional District 11,15719.0,23728.0,727670.0,Haley,Stevens,1309769659.0,1310.0,7509.0,Haley Stevens,Democrat,Haley Stevens (D),Michigan 11th
116,Michigan,Congressional District 9,10206.0,17037.0,718682.0,Andy,Levin,1100588023.0,1101.0,6766.0,Andy Levin,Democrat,Andy Levin (D),Michigan 9th
117,Michigan,Congressional District 12,28307.0,41717.0,711209.0,Debbie,Dingell,411540065.3,412.0,2389.0,Debbie Dingell,Democrat,Debbie Dingell (D),Michigan 12th
118,Michigan,Congressional District 8,26326.0,37578.0,736078.0,Elissa,Slotkin,474908184.9,475.0,2878.0,Elissa Slotkin,Democrat,Elissa Slotkin (D),Michigan 8th
119,Ohio,Congressional District 1,8702.0,23006.0,737765.0,Steve,Chabot,286344995.4,286.0,1459.0,Steve Chabot,Republican,Steve Chabot (R),Ohio 1st
120,Ohio,Congressional District 7,6821.0,16515.0,726547.0,Bob,Gibbs,586121536.1,586.0,3495.0,Bob Gibbs,Republican,Bob Gibbs (R),Ohio 7th
121,Ohio,Congressional District 2,7444.0,15411.0,728702.0,Brad,Wenstrup,298254610.2,298.0,1564.0,Brad Wenstrup,Republican,Brad Wenstrup (R),Ohio 2nd
122,Ohio,Congressional District 14,10284.0,20646.0,717865.0,David,Joyce,571577345.4,572.0,3091.0,David Joyce,Republican,David Joyce (R),Ohio 14th
123,Ohio,Congressional District 6,4278.0,8249.0,700099.0,Bill,Johnson,227510914.3,228.0,1274.0,Bill Johnson,Republican,Bill Johnson (R),Ohio 6th
124,Ohio,Congressional District 3,28849.0,52837.0,785158.0,Joyce,Beatty,71714243.28,72.0,416.0,Joyce Beatty,Democrat,Joyce Beatty (D),Ohio 3rd
125,Ohio,Congressional District 10,11618.0,20326.0,721945.0,Mike,Turner,261978346.3,262.0,1590.0,Mike Turner,Republican,Mike Turner (R),Ohio 10th
126,Ohio,Congressional District 4,15769.0,25917.0,711251.0,Jim,Jordan,1020736222.0,1021.0,5755.0,Jim Jordan,Republican,Jim Jordan (R),Ohio 4th
127,Ohio,Congressional District 5,27991.0,36826.0,722734.0,Bob,Latta,700914570.1,701.0,4206.0,Bob Latta,Republican,Bob Latta (R),Ohio 5th
128,Ohio,Congressional District 16,6307.0,16725.0,722281.0,Anthony,Gonzalez,338054297.5,338.0,2003.0,Anthony Gonzalez,Republican,Anthony Gonzalez (R),Ohio 16th
129,Ohio,Congressional District 13,6605.0,23239.0,710422.0,Tim,Ryan,372721164.6,373.0,2090.0,Tim Ryan,Democrat,Tim Ryan (D),Ohio 13th
130,Ohio,Congressional District 15,8530.0,16295.0,754510.0,Steve,Stivers,247420324.2,247.0,1417.0,Steve Stivers,Republican,Steve Stivers (R),Ohio 15th
131,Ohio,Congressional District 11,6102.0,29811.0,693817.0,Marcia,Fudge,392574132.2,393.0,2085.0,Marcia Fudge,Democrat,Marcia Fudge (D),Ohio 11th
132,Ohio,Congressional District 9,27523.0,81044.0,709760.0,Marcy,Kaptur,454445874.3,454.0,2375.0,Marcy Kaptur,Democrat,Marcy Kaptur (D),Ohio 9th
133,Ohio,Congressional District 8,14405.0,25278.0,728116.0,Warren,Davidson,540717165.0,541.0,3024.0,Warren Davidson,Republican,Warren Davidson (R),Ohio 8th
134,Ohio,Congressional District 12,8832.0,19202.0,770907.0,Troy,Balderson,214944263.6,215.0,1221.0,Troy Balderson,Republican,Troy Balderson (R),Ohio 12th
135,Wisconsin,Congressional District 1,53621.0,70166.0,717432.0,Bryan,Steil,552090738.6,552.0,2839.0,Bryan Steil,Republican,Bryan Steil (R),Wisconsin 1st
136,Wisconsin,Congressional District 3,13499.0,18787.0,719855.0,Ron,Kind,273994909.4,274.0,1522.0,Ron Kind,Democrat,Ron Kind (D),Wisconsin 3rd
137,Wisconsin,Congressional District 4,83572.0,121579.0,713066.0,Gwen,Moore,292713155.8,293.0,1573.0,Gwen Moore,Democrat,Gwen Moore (D),Wisconsin 4th
138,Wisconsin,Congressional District 5,28707.0,41128.0,723040.0,Jim,Sensenbrenner,540883749.8,541.0,3021.0,Jim Sensenbrenner,Republican,Jim Sensenbrenner (R),Wisconsin 5th
139,Wisconsin,Congressional District 7,11466.0,16192.0,708307.0,Tom,Tiffany,365589315.8,366.0,2184.0,Tom Tiffany,Republican,Tom Tiffany (R),Wisconsin 7th
140,Wisconsin,Congressional District 2,33411.0,48241.0,754999.0,Mark,Pocan,295565147.8,296.0,1205.0,Mark Pocan,Democrat,Mark Pocan (D),Wisconsin 2nd
141,Wisconsin,Congressional District 6,25470.0,32108.0,713439.0,Glenn,Grothman,720020621.0,720.0,4185.0,Glenn Grothman,Republican,Glenn Grothman (R),Wisconsin 6th
142,Wisconsin,Congressional District 8,29043.0,37578.0,728256.0,Mike,Gallagher,460155104.7,460.0,2724.0,Mike Gallagher,Republican,Mike Gallagher (R),Wisconsin 8th
143,Iowa,Congressional District 1,24865.0,30959.0,772171.0,Abby,Finkenauer,690168062.5,690.0,5175.0,Abby Finkenauer,Democrat,Abby Finkenauer (D),Iowa 1st
144,Iowa,Congressional District 4,40777.0,51887.0,757452.0,Steve,King,743814471.0,744.0,6279.0,Steve King,Republican,Steve King (R),Iowa 4th
145,Iowa,Congressional District 2,33535.0,44160.0,780050.0,Dave,Loebsack,531984696.0,532.0,3831.0,Dave Loebsack,Democrat,Dave Loebsack (D),Iowa 2nd
146,Iowa,Congressional District 3,44191.0,56290.0,822826.0,Cindy,Axne,248749257.5,249.0,1984.0,Cindy Axne,Democrat,Cindy Axne (D),Iowa 3rd
147,Kansas,Congressional District 1,93458.0,112738.0,708511.0,Roger,Marshall,1037154727.0,1037.0,9262.0,Roger Marshall,Republican,Roger Marshall (R),Kansas 1st
148,Kansas,Congressional District 3,72931.0,91319.0,762091.0,Sharice,Davids,184326375.3,184.0,969.0,Sharice Davids,Democrat,Sharice Davids (D),Kansas 3rd
149,Kansas,Congressional District 4,74705.0,89138.0,723182.0,Ron,Estes,567591391.8,568.0,3399.0,Ron Estes,Republican,Ron Estes (R),Kansas 4th
150,Kansas,Congressional District 2,37119.0,47421.0,714992.0,Steve,Watkins,386268415.4,386.0,3121.0,Steve Watkins,Republican,Steve Watkins (R),Kansas 2nd
151,Minnesota,Congressional District 7,24104.0,31522.0,664941.0,Collin,Peterson,540243425.0,540.0,3968.0,Collin Peterson,Democrat,Collin Peterson (D),Minnesota 7th
152,Minnesota,Congressional District 2,29257.0,42413.0,698522.0,Angie,Craig,207097560.7,207.0,1249.0,Angie Craig,Democrat,Angie Craig (D),Minnesota 2nd
153,Minnesota,Congressional District 6,13103.0,19541.0,702583.0,Tom,Emmer,295670467.1,296.0,1856.0,Tom Emmer,Republican,Tom Emmer (R),Minnesota 6th
154,Minnesota,Congressional District 8,7865.0,11706.0,664674.0,Pete,Stauber,167205615.6,167.0,1029.0,Pete Stauber,Republican,Pete Stauber (R),Minnesota 8th
155,Minnesota,Congressional District 1,31870.0,42885.0,672649.0,Jim,Hagedorn,692464450.2,692.0,4526.0,Jim Hagedorn,Republican,Jim Hagedorn (R),Minnesota 1st
156,Minnesota,Congressional District 3,20814.0,31869.0,710378.0,Dean,Phillips,247729813.3,248.0,1395.0,Dean Phillips,Democrat,Dean Phillips (D),Minnesota 3rd
157,Minnesota,Congressional District 4,32375.0,47374.0,706259.0,Betty,McCollum,201051511.4,201.0,1021.0,Betty McCollum,Democrat,Betty McCollum (D),Minnesota 4th
158,Minnesota,Congressional District 5,42192.0,65454.0,707352.0,Ilhan,Omar,165317410.8,165.0,956.0,Ilhan Omar,Democrat,Ilhan Omar (D),Minnesota 5th
159,Missouri,Congressional District 1,15863.0,26091.0,732537.0,Lacy,Clay,290158756.3,290.0,1505.0,Lacy Clay,Democrat,Lacy Clay (D),Missouri 1st
160,Missouri,Congressional District 3,12857.0,19692.0,782693.0,Blaine,Luetkemeyer,313644844.6,314.0,2015.0,Blaine Luetkemeyer,Republican,Blaine Luetkemeyer (R),Missouri 3rd
161,Missouri,Congressional District 5,51266.0,68681.0,764511.0,Emanuel,Cleaver,270305366.2,270.0,1684.0,Emanuel Cleaver,Democrat,Emanuel Cleaver (D),Missouri 5th
162,Missouri,Congressional District 4,20526.0,29617.0,765070.0,Vicky,Hartzler,398174078.1,398.0,2743.0,Vicky Hartzler,Republican,Vicky Hartzler (R),Missouri 4th
163,Missouri,Congressional District 7,26658.0,38772.0,773182.0,Billy,Long,341765355.0,342.0,2093.0,Billy Long,Republican,Billy Long (R),Missouri 7th
164,Missouri,Congressional District 2,11944.0,20224.0,763266.0,Ann,Wagner,120389033.1,120.0,667.0,Ann Wagner,Republican,Ann Wagner (R),Missouri 2nd
165,Missouri,Congressional District 6,21778.0,30535.0,768533.0,Sam,Graves,604782920.4,605.0,4429.0,Sam Graves,Republican,Sam Graves (R),Missouri 6th
166,Missouri,Congressional District 8,11163.0,15493.0,740270.0,Jason,Smith,366668101.3,367.0,2401.0,Jason Smith,Republican,Jason Smith (R),Missouri 8th
167,Nebraska,Congressional District 1,39937.0,58577.0,641533.0,Jeff,Fortenberry,564494808.1,564.0,4727.0,Jeff Fortenberry,Republican,Jeff Fortenberry (R),Nebraska 1st
168,Nebraska,Congressional District 3,53200.0,70477.0,603432.0,Adrian,Smith,1133383449.0,1133.0,10516.0,Adrian Smith,Republican,Adrian Smith (R),Nebraska 3rd
169,Nebraska,Congressional District 2,57287.0,74227.0,659795.0,Don,Bacon,248250327.1,248.0,1585.0,Don Bacon,Republican,Don Bacon (R),Nebraska 2nd
170,North Dakota,Congressional District (at Large),17915.0,26529.0,752201.0,Kelly,Armstrong,310402879.0,310.0,2592.0,Kelly Armstrong,Republican,Kelly Armstrong (R),North Dakota Congressional District (at Large)
171,South Dakota,Congressional District (at Large),21229.0,31995.0,864289.0,Dusty,Johnson,437398926.0,437.0,3581.0,Dusty Johnson,Republican,Dusty Johnson (R),South Dakota Congressional District (at Large)
172,Delaware,Congressional District (at Large),34244.0,86315.0,949495.0,Lisa,Blunt Rochester,160083300.0,160.0,794.0,Lisa Blunt Rochester,Democrat,Lisa Blunt Rochester (D),Delaware Congressional District (at Large)
173,District of Columbia,Delegate District (at Large),14156.0,74776.0,684498.0,Eleanor,Holmes Norton,,,,Eleanor Holmes Norton,Democrat,Eleanor Holmes Norton (D),District of Columbia Delegate District (at Large)
174,Florida,Congressional District 13,18632.0,71521.0,723658.0,Charlie,Crist,258612992.9,259.0,1401.0,Charlie Crist,Democrat,Charlie Crist (D),Florida 13th
175,Florida,Congressional District 26,36043.0,545805.0,774375.0,Debbie,Mucarsel-Powell,30223270.08,30.0,178.0,Debbie Mucarsel-Powell,Democrat,Debbie Mucarsel-Powell (D),Florida 26th
176,Florida,Congressional District 22,15146.0,162062.0,750149.0,Ted,Deutch,127310897.3,127.0,695.0,Ted Deutch,Democrat,Ted Deutch (D),Florida 22nd
177,Florida,Congressional District 9,41142.0,340942.0,837026.0,Darren,Soto,124925740.6,125.0,665.0,Darren Soto,Democrat,Darren Soto (D),Florida 9th
178,Florida,Congressional District 19,51008.0,161500.0,797066.0,Francis,Rooney,35651176.16,36.0,213.0,Francis Rooney,Republican,Francis Rooney (R),Florida 19th
179,Florida,Congressional District 1,20044.0,48854.0,759701.0,Matt,Gaetz,219130136.4,219.0,1101.0,Matt Gaetz,Republican,Matt Gaetz (R),Florida 1st
180,Florida,Congressional District 7,13507.0,189104.0,757809.0,Stephanie,Murphy,133997815.4,134.0,764.0,Stephanie Murphy,Democrat,Stephanie Murphy (D),Florida 7th
181,Florida,Congressional District 27,14046.0,543224.0,751996.0,Donna,Shalala,55911099.06,56.0,333.0,Donna Shalala,Democrat,Donna Shalala (D),Florida 27th
182,Florida,Congressional District 17,58202.0,114657.0,756549.0,Greg,Steube,78459671.65,78.0,400.0,Greg Steube,Republican,Greg Steube (R),Florida 17th
183,Florida,Congressional District 6,19763.0,93104.0,753500.0,Michael,Waltz,160999771.0,161.0,939.0,Michael Waltz,Republican,Michael Waltz (R),Florida 6th
184,Florida,Congressional District 14,22671.0,230117.0,763832.0,Kathy,Castor,93751878.26,94.0,539.0,Kathy Castor,Democrat,Kathy Castor (D),Florida 14th
185,Florida,Congressional District 5,13825.0,59356.0,729038.0,Al,Lawson,154008790.8,154.0,839.0,Al Lawson,Democrat,Al Lawson (D),Florida 5th
186,Florida,Congressional District 24,8554.0,293724.0,750906.0,Frederica,Wilson,99162738.42,99.0,556.0,Frederica Wilson,Democrat,Frederica Wilson (D),Florida 24th
187,Florida,Congressional District 16,61020.0,140719.0,804662.0,Vern,Buchanan,109359874.7,109.0,656.0,Vern Buchanan,Republican,Vern Buchanan (R),Florida 16th
188,Florida,Congressional District 11,15950.0,78833.0,754649.0,Daniel,Webster,55111951.5,55.0,329.0,Daniel Webster,Republican,Daniel Webster (R),Florida 11th
189,Florida,Congressional District 15,45184.0,174057.0,777638.0,Ross,Spano,128850067.1,129.0,615.0,Ross Spano,Republican,Ross Spano (R),Florida 15th
190,Florida,Congressional District 23,10798.0,287338.0,756127.0,Debbie,Wasserman Schultz,56175209.45,56.0,306.0,Debbie Wasserman Schultz,Democrat,Debbie Wasserman Schultz (D),Florida 23rd
191,Florida,Congressional District 8,17417.0,78826.0,742230.0,Bill,Posey,289970501.2,290.0,1423.0,Bill Posey,Republican,Bill Posey (R),Florida 8th
192,Florida,Congressional District 12,17275.0,95598.0,757719.0,Gus,Bilirakis,90962074.8,91.0,513.0,Gus Bilirakis,Republican,Gus Bilirakis (R),Florida 12th
193,Florida,Congressional District 18,30184.0,121870.0,757228.0,Brian,Mast,88144611.94,88.0,519.0,Brian Mast,Republican,Brian Mast (R),Florida 18th
194,Florida,Congressional District 2,16105.0,46600.0,719213.0,Neal,Dunn,184634143.4,185.0,1154.0,Neal Dunn,Republican,Neal Dunn (R),Florida 2nd
195,Florida,Congressional District 20,27376.0,191018.0,778060.0,Alcee,Hastings,87854557.96,88.0,460.0,Alcee Hastings,Democrat,Alcee Hastings (D),Florida 20th
196,Florida,Congressional District 25,48121.0,577301.0,763720.0,Mario,Diaz-Balart,161560172.7,162.0,915.0,Mario Diaz-Balart,Republican,Mario Diaz-Balart (R),Florida 25th
197,Florida,Congressional District 21,29812.0,181284.0,762765.0,Lois,Frankel,44584598.81,45.0,248.0,Lois Frankel,Democrat,Lois Frankel (D),Florida 21st
198,Florida,Congressional District 3,15777.0,69800.0,728979.0,Ted,Yoho,92605541.29,93.0,530.0,Ted Yoho,Republican,Ted Yoho (R),Florida 3rd
199,Florida,Congressional District 10,32591.0,223641.0,808969.0,Val,Demings,131947352.5,132.0,680.0,Val Demings,Democrat,Val Demings (D),Florida 10th
200,Florida,Congressional District 4,13325.0,63865.0,780575.0,John,Rutherford,160857034.7,161.0,857.0,John Rutherford,Republican,John Rutherford (R),Florida 4th
201,Georgia,Congressional District 3,18402.0,41280.0,728046.0,Drew,Ferguson,707061437.7,707.0,3810.0,Drew Ferguson,Republican,Drew Ferguson (R),Georgia 3rd
202,Georgia,Congressional District 10,22224.0,41623.0,740458.0,Jody,Hice,181315836.4,181.0,1134.0,Jody Hice,Republican,Jody Hice (R),Georgia 10th
203,Georgia,Congressional District 4,40204.0,71046.0,748744.0,Hank,Johnson,160912988.2,161.0,879.0,Hank Johnson,Democrat,Hank Johnson (D),Georgia 4th
204,Georgia,Congressional District 5,29860.0,48767.0,759756.0,John,Lewis,51993405.82,52.0,290.0,John Lewis,Democrat,John Lewis (D),Georgia 5th
205,Georgia,Congressional District 13,51811.0,84463.0,749389.0,David,Scott,103729911.2,104.0,584.0,David Scott,Democrat,David Scott (D),Georgia 13th
206,Georgia,Congressional District 9,68711.0,94842.0,735832.0,Doug,Collins,460647195.9,461.0,2823.0,Doug Collins,Republican,Doug Collins (R),Georgia 9th
207,Georgia,Congressional District 7,73871.0,153302.0,793740.0,Rob,Woodall,319829884.7,320.0,1631.0,Rob Woodall,Republican,Rob Woodall (R),Georgia 7th
208,Georgia,Congressional District 2,21392.0,34323.0,675246.0,Sanford,Bishop,336123494.2,336.0,1947.0,Sanford Bishop,Democrat,Sanford Bishop (D),Georgia 2nd
209,Georgia,Congressional District 6,54415.0,95660.0,744905.0,Lucy,McBath,82147768.4,82.0,469.0,Lucy McBath,Democrat,Lucy McBath (D),Georgia 6th
210,Georgia,Congressional District 14,56643.0,81526.0,709918.0,Tom,Graves,419688124.8,420.0,2520.0,Tom Graves,Republican,Tom Graves (R),Georgia 14th
211,Georgia,Congressional District 1,24101.0,49460.0,731698.0,Buddy,Carter,355884997.0,356.0,1764.0,Buddy Carter,Republican,Buddy Carter (R),Georgia 1st
212,Georgia,Congressional District 11,44244.0,83540.0,756192.0,Barry,Loudermilk,202966675.9,203.0,1154.0,Barry Loudermilk,Republican,Barry Loudermilk (R),Georgia 11th
213,Georgia,Congressional District 12,26215.0,43690.0,718746.0,Rick,Allen,276615211.1,277.0,1606.0,Rick Allen,Republican,Rick Allen (R),Georgia 12th
214,Georgia,Congressional District 8,29617.0,44941.0,704814.0,Austin,Scott,235042836.8,235.0,1425.0,Austin Scott,Democrat,Austin Scott (D),Georgia 8th
215,Maryland,Congressional District 1,8783.0,28598.0,730442.0,Andy,Harris,110652208.8,111.0,665.0,Andy Harris,Republican,Andy Harris (R),Maryland 1st
216,Maryland,Congressional District 3,15466.0,69536.0,756296.0,John,Sarbanes,54066434.8,54.0,277.0,John Sarbanes,Democrat,John Sarbanes (D),Maryland 3rd
217,Maryland,Congressional District 4,16796.0,122744.0,749033.0,Anthony,Brown,34578655.11,35.0,197.0,Anthony Brown,Democrat,Anthony Brown (D),Maryland 4th
218,Maryland,Congressional District 5,14070.0,67721.0,760819.0,Steny,Hoyer,37061363.87,37.0,150.0,Steny Hoyer,Democrat,Steny Hoyer (D),Maryland 5th
219,Maryland,Congressional District 7,5922.0,27497.0,719951.0,Kweisi,Mfume,37544848.96,38.0,201.0,Kweisi Mfume,Democrat,Kweisi Mfume (D),Maryland 7th
220,Maryland,Congressional District 2,13837.0,52942.0,762351.0,Dutch,Ruppersberger,70636331.66,71.0,373.0,Dutch Ruppersberger,Democrat,Dutch Ruppersberger (D),Maryland 2nd
221,Maryland,Congressional District 6,11174.0,106628.0,765910.0,David,Trone,63173549.78,63.0,342.0,David Trone,Democrat,David Trone (D),Maryland 6th
222,Maryland,Congressional District 8,11183.0,113246.0,758633.0,Jamie,Raskin,23228927.98,23.0,119.0,Jamie Raskin,Democrat,Jamie Raskin (D),Maryland 8th
223,North Carolina,Congressional District 1,38967.0,66402.0,753591.0,G.K.,Butterfield,336018267.5,336.0,1911.0,G.K. Butterfield,Democrat,G.K. Butterfield (D),North Carolina 1st
224,North Carolina,Congressional District 7,44688.0,74098.0,787034.0,David,Rouzer,261916058.8,262.0,1483.0,David Rouzer,Republican,David Rouzer (R),North Carolina 7th
225,North Carolina,Congressional District 2,47542.0,80160.0,822252.0,George,Holding,267570675.7,268.0,1568.0,George Holding,Republican,George Holding (R),North Carolina 2nd
226,North Carolina,Congressional District 6,54031.0,75577.0,762671.0,Mark,Walker,307894489.1,308.0,1814.0,Mark Walker,Republican,Mark Walker (R),North Carolina 6th
227,North Carolina,Congressional District 3,34788.0,58742.0,754824.0,Greg,Murphy,135833825.0,136.0,683.0,Greg Murphy,Republican,Greg Murphy (R),North Carolina 3rd
228,North Carolina,Congressional District 10,27434.0,48115.0,753325.0,Patrick,McHenry,502799416.6,503.0,3001.0,Patrick McHenry,Republican,Patrick McHenry (R),North Carolina 10th
229,North Carolina,Congressional District 4,45443.0,86957.0,840168.0,David,Price,204625590.5,205.0,1090.0,David Price,Democrat,David Price (D),North Carolina 4th
230,North Carolina,Congressional District 5,48148.0,71578.0,752439.0,Virginia,Foxx,292662253.9,293.0,1861.0,Virginia Foxx,Republican,Virginia Foxx (R),North Carolina 5th
231,North Carolina,Congressional District 13,39480.0,60528.0,771529.0,Ted,Budd,115663440.1,116.0,647.0,Ted Budd,Republican,Ted Budd (R),North Carolina 13th
232,North Carolina,Congressional District 11,30271.0,46656.0,752316.0,Mark,Meadows (resigned),356736699.3,357.0,2146.0,Mark Meadows (resigned),Republican,Mark Meadows (resigned) (R),North Carolina 11th
233,North Carolina,Congressional District 9,35814.0,62627.0,779186.0,Dan,Bishop,212203939.1,212.0,1254.0,Dan Bishop,Republican,Dan Bishop (R),North Carolina 9th
234,North Carolina,Congressional District 8,42047.0,79316.0,779035.0,Richard,Hudson,367611438.5,368.0,2222.0,Richard Hudson,Republican,Richard Hudson (R),North Carolina 8th
235,North Carolina,Congressional District 12,49852.0,125194.0,847254.0,Alma,Adams,426295176.0,426.0,2283.0,Alma Adams,Democrat,Alma Adams (D),North Carolina 12th
236,South Carolina,Congressional District 1,24518.0,49039.0,766664.0,Joe,Cunningham,102792152.3,103.0,579.0,Joe Cunningham,Democrat,Joe Cunningham (D),South Carolina 1st
237,South Carolina,Congressional District 3,20032.0,34051.0,684952.0,Jeff,Duncan,587885340.0,588.0,3500.0,Jeff Duncan,Republican,Jeff Duncan (R),South Carolina 3rd
238,South Carolina,Congressional District 4,31531.0,58830.0,718032.0,William,Timmons,816558381.2,817.0,4526.0,William Timmons,Republican,William Timmons (R),South Carolina 4th
239,South Carolina,Congressional District 5,16214.0,31167.0,706085.0,Ralph,Norman,412315050.2,412.0,2333.0,Ralph Norman,Republican,Ralph Norman (R),South Carolina 5th
240,South Carolina,Congressional District 7,16861.0,30032.0,709479.0,Tom,Rice,224816092.3,225.0,1286.0,Tom Rice,Republican,Tom Rice (R),South Carolina 7th
241,South Carolina,Congressional District 2,22060.0,40189.0,707819.0,Joe,Wilson,231620843.5,232.0,1341.0,Joe Wilson,Republican,Joe Wilson (R),South Carolina 2nd
242,South Carolina,Congressional District 6,19366.0,32377.0,662894.0,Jim,Clyburn,387090811.5,387.0,1929.0,Jim Clyburn,Democrat,Jim Clyburn (D),South Carolina 6th
243,Virginia,Congressional District 1,18902.0,75251.0,785774.0,Rob,Wittman,30081678.7,30.0,165.0,Rob Wittman,Republican,Rob Wittman (R),Virginia 1st
244,Virginia,Congressional District 3,14743.0,46308.0,738833.0,Bobby,Scott,124184994.3,124.0,711.0,Bobby Scott,Democrat,Bobby Scott (D),Virginia 3rd
245,Virginia,Congressional District 10,23324.0,111001.0,826914.0,Jennifer,Wexton,69414797.14,69.0,379.0,Jennifer Wexton,Democrat,Jennifer Wexton (D),Virginia 10th
246,Virginia,Congressional District 5,13745.0,27747.0,734216.0,Denver,Riggleman,89018440.04,89.0,526.0,Denver Riggleman,Republican,Denver Riggleman (R),Virginia 5th
247,Virginia,Congressional District 4,11771.0,40991.0,765419.0,Donald,McEachin,113609397.7,114.0,575.0,Donald McEachin,Democrat,Donald McEachin (D),Virginia 4th
248,Virginia,Congressional District 7,14355.0,56407.0,777354.0,Abigail,Spanberger,103703285.9,104.0,579.0,Abigail Spanberger,Democrat,Abigail Spanberger (D),Virginia 7th
249,Virginia,Congressional District 2,20625.0,58778.0,738568.0,Elaine,Luria,75579013.53,76.0,463.0,Elaine Luria,Democrat,Elaine Luria (D),Virginia 2nd
250,Virginia,Congressional District 11,16879.0,147305.0,791509.0,Gerry,Connolly,24074878.11,24.0,126.0,Gerry Connolly,Democrat,Gerry Connolly (D),Virginia 11th
251,Virginia,Congressional District 9,7637.0,15850.0,711468.0,Morgan,Griffith,248013919.3,248.0,1337.0,Morgan Griffith,Republican,Morgan Griffith (R),Virginia 9th
252,Virginia,Congressional District 6,14391.0,40302.0,750774.0,Ben,Cline,230092088.3,230.0,1413.0,Ben Cline,Republican,Ben Cline (R),Virginia 6th
253,Virginia,Congressional District 8,16674.0,151237.0,792945.0,Don,Beyer,6046591.017000001,6.0,33.0,Don Beyer,Democrat,Don Beyer (D),Virginia 8th
254,West Virginia,Congressional District 1,3628.0,8405.0,614325.0,David,McKinley,124876789.9,125.0,521.0,David McKinley,Republican,David McKinley (R),West Virginia 1st
255,West Virginia,Congressional District 3,2745.0,6215.0,591379.0,Carol,Miller,69482772.16,69.0,290.0,Carol Miller,Republican,Carol Miller (R),West Virginia 3rd
256,West Virginia,Congressional District 2,4609.0,12902.0,623350.0,Alex,Mooney,40230941.91,40.0,187.0,Alex Mooney,Republican,Alex Mooney (R),West Virginia 2nd
257,Alabama,Congressional District 1,10765.0,22648.0,706503.0,Bradley,Byrne,511576303.5,512.0,2404.0,Bradley Byrne,Republican,Bradley Byrne (R),Alabama 1st
258,Alabama,Congressional District 3,11489.0,21888.0,706705.0,Mike,Rogers,314597195.8,315.0,1623.0,Mike Rogers,Republican,Mike Rogers (R),Alabama 3rd
259,Alabama,Congressional District 5,23798.0,36381.0,714145.0,Mo,Brooks,342789238.0,343.0,1775.0,Mo Brooks,Republican,Mo Brooks (R),Alabama 5th
260,Alabama,Congressional District 4,26727.0,44355.0,683391.0,Robert,Aderholt,423961985.1,424.0,2326.0,Robert Aderholt,Republican,Robert Aderholt (R),Alabama 4th
261,Alabama,Congressional District 7,12171.0,19719.0,669646.0,Terri,Sewell,654091750.7,654.0,3119.0,Terri Sewell,Democrat,Terri Sewell (D),Alabama 7th
262,Alabama,Congressional District 2,13675.0,24165.0,680575.0,Martha,Roby,250652333.5,251.0,1299.0,Martha Roby,Republican,Martha Roby (R),Alabama 2nd
263,Alabama,Congressional District 6,25585.0,33990.0,703715.0,Gary,Palmer,107245594.4,107.0,538.0,Gary Palmer,Republican,Gary Palmer (R),Alabama 6th
264,Kentucky,Congressional District 2,13434.0,25832.0,753608.0,Brett,Guthrie,513664262.7,514.0,3064.0,Brett Guthrie,Republican,Brett Guthrie (R),Kentucky 2nd
265,Kentucky,Congressional District 6,24718.0,36495.0,765842.0,Andy,Barr,551521793.0,552.0,3079.0,Andy Barr,Republican,Andy Barr (R),Kentucky 6th
266,Kentucky,Congressional District 1,15371.0,22526.0,720226.0,James,Comer,484882109.7,485.0,2856.0,James Comer,Republican,James Comer (R),Kentucky 1st
267,Kentucky,Congressional District 3,15704.0,39747.0,745082.0,John,Yarmuth,299062316.5,299.0,1521.0,John Yarmuth,Democrat,John Yarmuth (D),Kentucky 3rd
268,Kentucky,Congressional District 5,5411.0,8908.0,702070.0,Hal,Rogers,92073530.66,92.0,547.0,Hal Rogers,Republican,Hal Rogers (R),Kentucky 5th
269,Kentucky,Congressional District 4,14579.0,25236.0,753376.0,Thomas,Massie,361374303.5,361.0,2180.0,Thomas Massie,Republican,Thomas Massie (R),Kentucky 4th
270,Mississippi,Congressional District 1,19717.0,25149.0,760715.0,Trent,Kelly,484994545.3,485.0,2394.0,Trent Kelly,Republican,Trent Kelly (R),Mississippi 1st
271,Mississippi,Congressional District 3,10152.0,17248.0,749199.0,Michael,Guest,218047512.5,218.0,1067.0,Michael Guest,Republican,Michael Guest (R),Mississippi 3rd
272,Mississippi,Congressional District 4,16072.0,32066.0,767132.0,Steven,Palazzo,330900660.8,331.0,1272.0,Steven Palazzo,Republican,Steven Palazzo (R),Mississippi 4th
273,Mississippi,Congressional District 2,10341.0,16030.0,711716.0,Bennie,Thompson,170234478.4,170.0,886.0,Bennie Thompson,Democrat,Bennie Thompson (D),Mississippi 2nd
274,Tennessee,Congressional District 1,15576.0,26462.0,713768.0,Phil,Roe,631022161.7,631.0,3315.0,Phil Roe,Republican,Phil Roe (R),Tennessee 1st
275,Tennessee,Congressional District 3,15421.0,29138.0,726454.0,Chuck,Fleischmann,664013009.0,664.0,3715.0,Chuck Fleischmann,Republican,Chuck Fleischmann (R),Tennessee 3rd
276,Tennessee,Congressional District 5,43238.0,72315.0,765122.0,Jim,Cooper,191874349.7,192.0,1168.0,Jim Cooper,Democrat,Jim Cooper (D),Tennessee 5th
277,Tennessee,Congressional District 4,31616.0,48946.0,769786.0,Scott,DesJarlais,936033904.1,936.0,5279.0,Scott DesJarlais,Republican,Scott DesJarlais (R),Tennessee 4th
278,Tennessee,Congressional District 7,20899.0,38769.0,764797.0,Mark,Green,382211837.2,382.0,2159.0,Mark Green,Republican,Mark Green (R),Tennessee 7th
279,Tennessee,Congressional District 2,18004.0,29883.0,738722.0,Tim,Burchett,462482969.4,462.0,2359.0,Tim Burchett,Republican,Tim Burchett (R),Tennessee 2nd
280,Tennessee,Congressional District 8,15125.0,22898.0,708031.0,David,Kustoff,601916492.8,602.0,3384.0,David Kustoff,Republican,David Kustoff (R),Tennessee 8th
281,Tennessee,Congressional District 9,35996.0,51333.0,705233.0,Steve,Cohen,563431639.0,563.0,2733.0,Steve Cohen,Democrat,Steve Cohen (D),Tennessee 9th
282,Tennessee,Congressional District 6,21682.0,32658.0,759176.0,John,Rose,452822688.0,453.0,2696.0,John Rose,Republican,John Rose (R),Tennessee 6th
283,Arkansas,Congressional District 1,18373.0,24152.0,722915.0,Rick,Crawford,400284096.1,400.0,2894.0,Rick Crawford,Republican,Rick Crawford (R),Arkansas 1st
284,Arkansas,Congressional District 3,77964.0,113343.0,795817.0,Steve,Womack,188548904.6,189.0,1376.0,Steve Womack,Republican,Steve Womack (R),Arkansas 3rd
285,Arkansas,Congressional District 4,35167.0,42073.0,711335.0,Bruce,Westerman,288216236.0,288.0,1930.0,Bruce Westerman,Republican,Bruce Westerman (R),Arkansas 4th
286,Arkansas,Congressional District 2,27769.0,39484.0,760604.0,French,Hill,86367858.27,86.0,474.0,French Hill,Republican,French Hill (R),Arkansas 2nd
287,Louisiana,Congressional District 4,19192.0,30098.0,753519.0,Mike,Johnson,570959237.1,571.0,1632.0,Mike Johnson,Republican,Mike Johnson (R),Louisiana 4th
288,Louisiana,Congressional District 2,11712.0,49075.0,789120.0,Cedric,Richmond,1868000098.0,1868.0,4039.0,Cedric Richmond,Democrat,Cedric Richmond (D),Louisiana 2nd
289,Louisiana,Congressional District 6,15831.0,35365.0,789153.0,Garret,Graves,2577155376.0,2577.0,5179.0,Garret Graves,Republican,Garret Graves (R),Louisiana 6th
290,Louisiana,Congressional District 1,17508.0,71560.0,801089.0,Steve,Scalise,879745975.6,880.0,2071.0,Steve Scalise,Republican,Steve Scalise (R),Louisiana 1st
291,Louisiana,Congressional District 3,18144.0,30882.0,783013.0,Clay,Higgins,1762904976.0,1763.0,4233.0,Clay Higgins,Republican,Clay Higgins (R),Louisiana 3rd
292,Louisiana,Congressional District 5,11363.0,17940.0,747722.0,Ralph,Abraham,331023200.0,331.0,1654.0,Ralph Abraham,Republican,Ralph Abraham (R),Louisiana 5th
293,Oklahoma,Congressional District 1,71310.0,89340.0,797151.0,Kevin,Hern,116894628.2,117.0,602.0,Kevin Hern,Republican,Kevin Hern (R),Oklahoma 1st
294,Oklahoma,Congressional District 3,66633.0,77129.0,776845.0,Frank,Lucas,231470785.1,231.0,1493.0,Frank Lucas,Republican,Frank Lucas (R),Oklahoma 3rd
295,Oklahoma,Congressional District 5,111629.0,134098.0,811988.0,Kendra,Horn,77401520.02,77.0,456.0,Kendra Horn,Democrat,Kendra Horn (D),Oklahoma 5th
296,Oklahoma,Congressional District 4,51191.0,67971.0,783867.0,Tom,Cole,92421620.85,92.0,526.0,Tom Cole,Republican,Tom Cole (R),Oklahoma 4th
297,Oklahoma,Congressional District 2,32403.0,38983.0,748286.0,Markwayne,Mullin,271779797.8,272.0,1440.0,Markwayne Mullin,Republican,Markwayne Mullin (R),Oklahoma 2nd
298,Texas,Congressional District 28,547983.0,582465.0,750331.0,Henry,Cuellar,476982426.7,477.0,2827.0,Henry Cuellar,Democrat,Henry Cuellar (D),Texas 28th
299,Texas,Congressional District 1,113745.0,124815.0,718215.0,Louie,Gohmert,2652872986.0,2653.0,14697.0,Louie Gohmert,Republican,Louie Gohmert (R),Texas 1st
300,Texas,Congressional District 29,504000.0,578788.0,745389.0,Sylvia,Garcia,3648703558.0,3649.0,15867.0,Sylvia Garcia,Democrat,Sylvia Garcia (D),Texas 29th
301,Texas,Congressional District 7,141116.0,244913.0,785024.0,Lizzie,Fletcher,5392441641.0,5392.0,16039.0,Lizzie Fletcher,Democrat,Lizzie Fletcher (D),Texas 7th
302,Texas,Congressional District 27,358756.0,388774.0,737102.0,Michael,Cloud,3987624330.0,3988.0,12025.0,Michael Cloud,Republican,Michael Cloud (R),Texas 27th
303,Texas,Congressional District 6,150817.0,176683.0,773108.0,Ron,Wright,3515432585.0,3515.0,19054.0,Ron Wright,Republican,Ron Wright (R),Texas 6th
304,Texas,Congressional District 17,170960.0,197974.0,764593.0,Bill,Flores,2243031503.0,2243.0,13231.0,Bill Flores,Republican,Bill Flores (R),Texas 17th
305,Texas,Congressional District 14,158877.0,186450.0,747166.0,Randy,Weber,11175769103.0,11176.0,27289.0,Randy Weber,Republican,Randy Weber (R),Texas 14th
306,Texas,Congressional District 36,161293.0,187470.0,736668.0,Brian,Babin,4043351635.0,4043.0,15948.0,Brian Babin,Republican,Brian Babin (R),Texas 36th
307,Texas,Congressional District 5,186045.0,210816.0,744338.0,Lance,Gooden,2557335198.0,2557.0,14102.0,Lance Gooden,Republican,Lance Gooden (R),Texas 5th
308,Texas,Congressional District 16,560013.0,593537.0,737368.0,Veronica,Escobar,2290485885.0,2290.0,11763.0,Veronica Escobar,Democrat,Veronica Escobar (D),Texas 16th
309,Texas,Congressional District 24,139665.0,193128.0,789219.0,Kenny,Marchant,4058769276.0,4059.0,21704.0,Kenny Marchant,Republican,Kenny Marchant (R),Texas 24th
310,Texas,Congressional District 33,427589.0,491944.0,736783.0,Marc,Veasey,2911501033.0,2912.0,16533.0,Marc Veasey,Democrat,Marc Veasey (D),Texas 33rd
311,Texas,Congressional District 11,272061.0,292843.0,764038.0,Mike,Conaway,2609635311.0,2610.0,11619.0,Mike Conaway,Republican,Mike Conaway (R),Texas 11th
312,Texas,Congressional District 15,607546.0,634070.0,776971.0,Vicente,González,1304280366.0,1304.0,8171.0,Vicente González,Democrat,Vicente González (D),Texas 15th
313,Texas,Congressional District 23,492112.0,527388.0,760106.0,Will,Hurd,1003572193.0,1004.0,4859.0,Will Hurd,Republican,Will Hurd (R),Texas 23rd
314,Texas,Congressional District 12,154980.0,183345.0,793259.0,Kay,Granger,2551995090.0,2552.0,14868.0,Kay Granger,Republican,Kay Granger (R),Texas 12th
315,Texas,Congressional District 8,141996.0,186564.0,832589.0,Kevin,Brady,1281554734.0,1282.0,6920.0,Kevin Brady,Republican,Kevin Brady (R),Texas 8th
316,Texas,Congressional District 34,584860.0,609559.0,722603.0,Filemon,Vela,855365799.3,855.0,5175.0,Filemon Vela,Democrat,Filemon Vela (D),Texas 34th
317,Texas,Congressional District 30,271364.0,303987.0,776026.0,Eddie Bernice,Johnson,1345571260.0,1346.0,7300.0,Eddie Bernice Johnson,Democrat,Eddie Bernice Johnson (D),Texas 30th
318,Texas,Congressional District 18,247501.0,330751.0,776383.0,Shelia Jackson,Lee,5437246496.0,5437.0,21312.0,Shelia Jackson Lee,Democrat,Shelia Jackson Lee (D),Texas 18th
319,Texas,Congressional District 2,176154.0,248483.0,785386.0,Dan,Crenshaw,3961286538.0,3961.0,17615.0,Dan Crenshaw,Republican,Dan Crenshaw (R),Texas 2nd
320,Texas,Congressional District 20,498309.0,553358.0,798543.0,Joaquin,Castro,1147275403.0,1147.0,6409.0,Joaquin Castro,Democrat,Joaquin Castro (D),Texas 20th
321,Texas,Congressional District 31,159643.0,202183.0,829808.0,John,Carter,2585354572.0,2585.0,13319.0,John Carter,Republican,John Carter (R),Texas 31st
322,Texas,Congressional District 25,115639.0,143274.0,768407.0,Roger,Williams,1837695613.0,1838.0,10316.0,Roger Williams,Republican,Roger Williams (R),Texas 25th
323,Texas,Congressional District 32,159134.0,203259.0,764700.0,Colin,Allred,3763569066.0,3764.0,19276.0,Colin Allred,Democrat,Colin Allred (D),Texas 32nd
324,Texas,Congressional District 21,198023.0,236174.0,795908.0,Chip,Roy,1790870784.0,1791.0,10042.0,Chip Roy,Republican,Chip Roy (R),Texas 21st
325,Texas,Congressional District 3,92870.0,124203.0,842866.0,Van,Taylor,4952732237.0,4953.0,22551.0,Van Taylor,Republican,Van Taylor (R),Texas 3rd
326,Texas,Congressional District 10,183352.0,238070.0,839780.0,Michael,McCaul,5828082802.0,5828.0,31882.0,Michael McCaul,Republican,Michael McCaul (R),Texas 10th
327,Texas,Congressional District 4,89178.0,102885.0,738929.0,John,Ratcliffe (resigned),3371811038.0,3372.0,19958.0,John Ratcliffe (resigned),Republican,John Ratcliffe (resigned) (R),Texas 4th
328,Texas,Congressional District 35,439711.0,498156.0,806895.0,Lloyd,Doggett,2081716667.0,2082.0,11789.0,Lloyd Doggett,Democrat,Lloyd Doggett (D),Texas 35th
329,Texas,Congressional District 13,172815.0,191636.0,710847.0,Mac,Thornberry,4359992944.0,4360.0,23141.0,Mac Thornberry,Republican,Mac Thornberry (R),Texas 13th
330,Texas,Congressional District 26,117778.0,154285.0,848154.0,Michael,Burgess,1611168321.0,1611.0,9058.0,Michael Burgess,Republican,Michael Burgess (R),Texas 26th
331,Texas,Congressional District 22,170591.0,225013.0,880197.0,Pete,Olson,1797783414.0,1798.0,8114.0,Pete Olson,Republican,Pete Olson (R),Texas 22nd
332,Texas,Congressional District 9,186926.0,306963.0,781992.0,Al,Green,3423631532.0,3424.0,17143.0,Al Green,Democrat,Al Green (D),Texas 9th
333,Texas,Congressional District 19,241104.0,267350.0,725504.0,Jodey,Arrington,1519394162.0,1519.0,7953.0,Jodey Arrington,Republican,Jodey Arrington (R),Texas 19th
334,Arizona,Congressional District 1,150464.0,170456.0,753580.0,Tom,O'Halleran,999875201.8,1000.0,4410.0,Tom O'Halleran,Democrat,Tom O'Halleran (D),Arizona 1st
335,Arizona,Congressional District 3,450997.0,480998.0,771436.0,Raúl,Grijalva,1065697917.0,1066.0,4919.0,Raúl Grijalva,Democrat,Raúl Grijalva (D),Arizona 3rd
336,Arizona,Congressional District 5,118848.0,146592.0,803186.0,Andy,Biggs,381453976.6,381.0,1911.0,Andy Biggs,Republican,Andy Biggs (R),Arizona 5th
337,Arizona,Congressional District 4,130043.0,147647.0,768077.0,Paul,Gosar,912177679.1,912.0,4217.0,Paul Gosar,Republican,Paul Gosar (R),Arizona 4th
338,Arizona,Congressional District 7,476683.0,513274.0,801173.0,Ruben,Gallego,1224712693.0,1225.0,6814.0,Ruben Gallego,Democrat,Ruben Gallego (D),Arizona 7th
339,Arizona,Congressional District 2,178545.0,204646.0,719924.0,Ann,Kirkpatrick,672413335.0,672.0,3752.0,Ann Kirkpatrick,Democrat,Ann Kirkpatrick (D),Arizona 2nd
340,Arizona,Congressional District 9,184719.0,212847.0,774776.0,Greg,Stanton,1461987130.0,1462.0,7482.0,Greg Stanton,Democrat,Greg Stanton (D),Arizona 9th
341,Arizona,Congressional District 6,109095.0,132847.0,776729.0,David,Schweikert,740355368.4,740.0,3944.0,David Schweikert,Republican,David Schweikert (R),Arizona 6th
342,Arizona,Congressional District 8,126880.0,154005.0,777804.0,Debbie,Lesko,138935023.3,139.0,795.0,Debbie Lesko,Republican,Debbie Lesko (R),Arizona 8th
343,Colorado,Congressional District 1,177378.0,225845.0,818722.0,Diana,DeGette,123759473.3,124.0,817.0,Diana DeGette,Democrat,Diana DeGette (D),Colorado 1st
344,Colorado,Congressional District 3,119034.0,182003.0,739107.0,Scott,Tipton,139082435.4,139.0,870.0,Scott Tipton,Republican,Scott Tipton (R),Colorado 3rd
345,Colorado,Congressional District 5,77179.0,125729.0,786912.0,Doug,Lamborn,45282775.8,45.0,269.0,Doug Lamborn,Republican,Doug Lamborn (R),Colorado 5th
346,Colorado,Congressional District 4,138960.0,175834.0,799390.0,Ken,Buck,558810594.6,559.0,4111.0,Ken Buck,Republican,Ken Buck (R),Colorado 4th
347,Colorado,Congressional District 7,181238.0,228399.0,784728.0,Ed,Perlmutter,184937235.3,185.0,1111.0,Ed Perlmutter,Democrat,Ed Perlmutter (D),Colorado 7th
348,Colorado,Congressional District 2,60501.0,84841.0,796438.0,Joe,Neguse,184044862.3,184.0,1061.0,Joe Neguse,Democrat,Joe Neguse (D),Colorado 2nd
349,Colorado,Congressional District 6,114859.0,162143.0,805844.0,Jason,Crow,27541634.35,28.0,167.0,Jason Crow,Democrat,Jason Crow (D),Colorado 6th
350,Idaho,Congressional District 1,80132.0,93715.0,869560.0,Russ,Fulcher,85617673.82,86.0,641.0,Russ Fulcher,Republican,Russ Fulcher (R),Idaho 1st
351,Idaho,Congressional District 2,101053.0,115358.0,818249.0,Mike,Simpson,156070300.2,156.0,1182.0,Mike Simpson,Republican,Mike Simpson (R),Idaho 2nd
352,Montana,Congressional District (at Large),27510.0,39019.0,1041732.0,Greg,Gianforte,60853554.0,61.0,506.0,Greg Gianforte,Republican,Greg Gianforte (R),Montana Congressional District (at Large)
353,Nevada,Congressional District 1,238283.0,316733.0,689384.0,Dina,Titus,55502275.76,56.0,352.0,Dina Titus,Democrat,Dina Titus (D),Nevada 1st
354,Nevada,Congressional District 3,93495.0,137555.0,785285.0,Susie,Lee,41405830.35,41.0,274.0,Susie Lee,Democrat,Susie Lee (D),Nevada 3rd
355,Nevada,Congressional District 4,170206.0,218558.0,739823.0,Steven,Horsford,34345359.46,34.0,188.0,Steven Horsford,Democrat,Steven Horsford (D),Nevada 4th
356,Nevada,Congressional District 2,127485.0,158751.0,708357.0,Mark,Amodei,454459898.4,454.0,2272.0,Mark Amodei,Republican,Mark Amodei (R),Nevada 2nd
357,New Mexico,Congressional District 1,206272.0,346658.0,695519.0,Deb,Haaland,814906155.1,815.0,4570.0,Deb Haaland,Democrat,Deb Haaland (D),New Mexico 1st
358,New Mexico,Congressional District 3,130129.0,284853.0,696738.0,Ben Ray,Luján,234644347.5,235.0,1211.0,Ben Ray Luján,Democrat,Ben Ray Luján (D),New Mexico 3rd
359,New Mexico,Congressional District 2,322115.0,384240.0,700177.0,Xochitl,Torres Small,365416324.4,365.0,2002.0,Xochitl Torres Small,Democrat,Xochitl Torres Small (D),New Mexico 2nd
360,Utah,Congressional District 1,72262.0,96141.0,751772.0,Rob,Bishop,321822736.7,322.0,1930.0,Rob Bishop,Republican,Rob Bishop (R),Utah 1st
361,Utah,Congressional District 3,52783.0,79083.0,749828.0,John,Curtis,106936430.7,107.0,535.0,John Curtis,Republican,John Curtis (R),Utah 3rd
362,Utah,Congressional District 4,93750.0,129312.0,790994.0,Ben,McAdams,137236276.4,137.0,708.0,Ben McAdams,Democrat,Ben McAdams (D),Utah 4th
363,Utah,Congressional District 2,87580.0,117587.0,752756.0,Chris,Stewart,158610388.2,159.0,788.0,Chris Stewart,Republican,Chris Stewart (R),Utah 2nd
364,Wyoming,Congressional District (at Large),44704.0,56966.0,581836.0,Liz,Cheney,36170251.0,36.0,154.0,Liz Cheney,Republican,Liz Cheney (R),Wyoming Congressional District (at Large)
365,Alaska,Congressional District (at Large),28049.0,51186.0,738516.0,Don,Young,32619232.0,33.0,167.0,Don Young,Republican,Don Young (R),Alaska Congressional District (at Large)
366,California,Congressional District 36,330744.0,362833.0,743337.0,Raul,Ruiz,290212935.8,290.0,1887.0,Raul Ruiz,Democrat,Raul Ruiz (D),California 36th
367,California,Congressional District 16,420252.0,442632.0,728535.0,Jim,Costa,507268203.7,507.0,3393.0,Jim Costa,Democrat,Jim Costa (D),California 16th
368,California,Congressional District 46,437811.0,482100.0,728906.0,Lou,Correa,874242308.2,874.0,4967.0,Lou Correa,Democrat,Lou Correa (D),California 46th
369,California,Congressional District 37,166633.0,280259.0,724002.0,Karen,Bass,282110919.8,282.0,1803.0,Karen Bass,Democrat,Karen Bass (D),California 37th
370,California,Congressional District 33,59639.0,93189.0,713727.0,Ted,Lieu,460957454.8,461.0,2433.0,Ted Lieu,Democrat,Ted Lieu (D),California 33rd
371,California,Congressional District 15,134942.0,175031.0,773841.0,Eric,Swalwell,558173448.3,558.0,2913.0,Eric Swalwell,Democrat,Eric Swalwell (D),California 15th
372,California,Congressional District 53,229602.0,259771.0,769137.0,Susan,Davis,263945308.5,264.0,1390.0,Susan Davis,Democrat,Susan Davis (D),California 53rd
373,California,Congressional District 47,207886.0,249504.0,714812.0,Alan,Lowenthal,542742755.9,543.0,3047.0,Alan Lowenthal,Democrat,Alan Lowenthal (D),California 47th
374,California,Congressional District 31,334774.0,396316.0,744628.0,Pete,Aguilar,468350881.6,468.0,2851.0,Pete Aguilar,Democrat,Pete Aguilar (D),California 31st
375,California,Congressional District 3,189209.0,219183.0,736039.0,John,Garamendi,480398579.3,480.0,3277.0,John Garamendi,Democrat,John Garamendi (D),California 3rd
376,California,Congressional District 21,506639.0,532874.0,712857.0,T.J.,Cox,506831671.3,507.0,3364.0,T.J. Cox,Democrat,T.J. Cox (D),California 21st
377,California,Congressional District 48,125394.0,156772.0,726516.0,Harley,Rouda,681632086.5,682.0,3933.0,Harley Rouda,Democrat,Harley Rouda (D),California 48th
378,California,Congressional District 10,293829.0,323973.0,744389.0,Josh,Harder,520170898.7,520.0,3603.0,Josh Harder,Democrat,Josh Harder (D),California 10th
379,California,Congressional District 34,313330.0,460139.0,729285.0,Jimmy,Gomez,804082820.6,804.0,5468.0,Jimmy Gomez,Democrat,Jimmy Gomez (D),California 34th
380,California,Congressional District 52,83958.0,111436.0,765158.0,Scott,Peters,820729124.5,821.0,3971.0,Scott Peters,Democrat,Scott Peters (D),California 52nd
381,California,Congressional District 30,131099.0,217025.0,764572.0,Brad,Sherman,337592146.7,338.0,2000.0,Brad Sherman,Democrat,Brad Sherman (D),California 30th
382,California,Congressional District 18,87749.0,120051.0,740932.0,Anna,Eshoo,1056782463.0,1057.0,5301.0,Anna Eshoo,Democrat,Anna Eshoo (D),California 18th
383,California,Congressional District 20,360021.0,390044.0,735667.0,Jimmy,Panetta,298678771.0,299.0,1783.0,Jimmy Panetta,Democrat,Jimmy Panetta (D),California 20th
384,California,Congressional District 42,263063.0,310912.0,795401.0,Ken,Calvert,719207741.5,719.0,4328.0,Ken Calvert,Republican,Ken Calvert (R),California 42nd
385,California,Congressional District 25,210985.0,283246.0,718950.0,Mike,Garcia,480110050.1,480.0,2511.0,Mike Garcia,Republican,Mike Garcia (R),California 25th
386,California,Congressional District 32,387825.0,446631.0,719643.0,Grace,Napolitano,606307282.1,606.0,3243.0,Grace Napolitano,Democrat,Grace Napolitano (D),California 32nd
387,California,Congressional District 43,246038.0,342429.0,727621.0,Maxine,Waters,529264792.8,529.0,2962.0,Maxine Waters,Democrat,Maxine Waters (D),California 43rd
388,California,Congressional District 35,455910.0,524040.0,741990.0,Norma,Torres,1062427322.0,1062.0,6155.0,Norma Torres,Democrat,Norma Torres (D),California 35th
389,California,Congressional District 13,114320.0,165302.0,754861.0,Barbara,Lee,394454547.0,394.0,2237.0,Barbara Lee,Democrat,Barbara Lee (D),California 13th
390,California,Congressional District 26,297653.0,327462.0,725953.0,Julia,Brownley,696772294.8,697.0,3842.0,Julia Brownley,Democrat,Julia Brownley (D),California 26th
391,California,Congressional District 44,425439.0,511236.0,723072.0,Nanette,Barragan,754507502.2,755.0,3696.0,Nanette Barragan,Democrat,Nanette Barragan (D),California 44th
392,California,Congressional District 19,269165.0,304844.0,759866.0,Zoe,Lofgren,636498600.3,636.0,3088.0,Zoe Lofgren,Democrat,Zoe Lofgren (D),California 19th
393,California,Congressional District 49,165989.0,193359.0,737614.0,Mike,Levin,654458688.7,654.0,3353.0,Mike Levin,Democrat,Mike Levin (D),California 49th
394,California,Congressional District 5,167464.0,204945.0,728000.0,Mike,Thompson,475670593.8,476.0,2488.0,Mike Thompson,Democrat,Mike Thompson (D),California 5th
395,California,Congressional District 24,239120.0,265507.0,734027.0,Salud,Carbajal,521440358.6,521.0,3013.0,Salud Carbajal,Democrat,Salud Carbajal (D),California 24th
396,California,Congressional District 29,345280.0,494003.0,721304.0,Tony,Cardenas,478298671.8,478.0,2756.0,Tony Cardenas,Democrat,Tony Cardenas (D),California 29th
397,California,Congressional District 7,103703.0,131519.0,747097.0,Ami,Bera,246961605.6,247.0,1500.0,Ami Bera,Democrat,Ami Bera (D),California 7th
398,California,Congressional District 6,179977.0,211868.0,751475.0,Doris,Matsui,251689060.3,252.0,1459.0,Doris Matsui,Democrat,Doris Matsui (D),California 6th
399,California,Congressional District 39,211550.0,248253.0,727834.0,Gil,Cisneros,646694690.8,647.0,3713.0,Gil Cisneros,Democrat,Gil Cisneros (D),California 39th
400,California,Congressional District 11,135845.0,203343.0,754654.0,Mark,DeSaulnier,391955434.4,392.0,1049.0,Mark DeSaulnier,Democrat,Mark DeSaulnier (D),California 11th
401,California,Congressional District 50,213962.0,241788.0,747793.0,Duncan,Hunter (Resigned),471239480.7,471.0,2632.0,Duncan Hunter (Resigned),Republican,Duncan Hunter (Resigned) (R),California 50th
402,California,Congressional District 23,257539.0,290376.0,740768.0,Kevin,McCarthy,345350522.6,345.0,1664.0,Kevin McCarthy,Republican,Kevin McCarthy (R),California 23rd
403,California,Congressional District 8,248334.0,292229.0,721709.0,Paul,Cook,238287332.9,238.0,1449.0,Paul Cook,Republican,Paul Cook (R),California 8th
404,California,Congressional District 51,489529.0,514807.0,729654.0,Juan,Vargas,368170658.1,368.0,1959.0,Juan Vargas,Democrat,Juan Vargas (D),California 51st
405,California,Congressional District 28,98153.0,179640.0,715011.0,Adam,Schiff,415929012.9,416.0,2587.0,Adam Schiff,Democrat,Adam Schiff (D),California 28th
406,California,Congressional District 1,79847.0,95614.0,706822.0,Doug,LaMalfa,434175396.1,434.0,2892.0,Doug LaMalfa,Republican,Doug LaMalfa (R),California 1st
407,California,Congressional District 40,517043.0,624415.0,711793.0,Lucille,Roybal-Allard,814501402.6,815.0,4698.0,Lucille Roybal-Allard,Democrat,Lucille Roybal-Allard (D),California 40th
408,California,Congressional District 12,57826.0,111487.0,756773.0,Nancy,Pelosi,84354647.17,84.0,334.0,Nancy Pelosi,Democrat,Nancy Pelosi (D),California 12th
409,California,Congressional District 45,110407.0,145552.0,772341.0,Katie,Porter,1053638530.0,1054.0,5850.0,Katie Porter,Democrat,Katie Porter (D),California 45th
410,California,Congressional District 4,77392.0,99548.0,734899.0,Tom,McClintock,299683431.8,300.0,2056.0,Tom McClintock,Republican,Tom McClintock (R),California 4th
411,California,Congressional District 22,338607.0,361408.0,755464.0,Devin,Nunes,477988549.8,478.0,3193.0,Devin Nunes,Republican,Devin Nunes (R),California 22nd
412,California,Congressional District 9,255878.0,291118.0,758327.0,Jerry,McNerney,387660025.4,388.0,2502.0,Jerry McNerney,Democrat,Jerry McNerney (D),California 9th
413,California,Congressional District 41,407587.0,454299.0,754152.0,Mark,Takano,580128904.6,580.0,3438.0,Mark Takano,Democrat,Mark Takano (D),California 41st
414,California,Congressional District 27,162633.0,202388.0,717944.0,Judy,Chu,388182625.5,388.0,2247.0,Judy Chu,Democrat,Judy Chu (D),California 27th
415,California,Congressional District 17,98372.0,125702.0,771459.0,Ro,Khanna,3329404259.0,3329.0,16311.0,Ro Khanna,Democrat,Ro Khanna (D),California 17th
416,California,Congressional District 14,102391.0,178939.0,753548.0,Jackie,Speier,345935505.0,346.0,1723.0,Jackie Speier,Democrat,Jackie Speier (D),California 14th
417,California,Congressional District 2,87599.0,125131.0,717732.0,Jared,Huffman,384946622.5,385.0,2715.0,Jared Huffman,Democrat,Jared Huffman (D),California 2nd
418,California,Congressional District 38,385908.0,445105.0,716869.0,Linda,Sánchez,916540061.5,917.0,5134.0,Linda Sánchez,Democrat,Linda Sánchez (D),California 38th
419,Hawaii,Congressional District 1,17083.0,61755.0,710707.0,Ed,Case,513858.1271,1.0,3.0,Ed Case,Democrat,Ed Case (D),Hawaii 1st
420,Hawaii,Congressional District 2,28749.0,86207.0,711322.0,Tulsi,Gabbard,275168.8729,0.0,2.0,Tulsi Gabbard,Democrat,Tulsi Gabbard (D),Hawaii 2nd
421,Oregon,Congressional District 1,98352.0,121942.0,832139.0,Suzanne,Bonamici,97024214.86,97.0,555.0,Suzanne Bonamici,Democrat,Suzanne Bonamici (D),Oregon 1st
422,Oregon,Congressional District 3,70878.0,93127.0,830995.0,Earl,Blumenauer,78595158.01,79.0,443.0,Earl Blumenauer,Democrat,Earl Blumenauer (D),Oregon 3rd
423,Oregon,Congressional District 5,117605.0,136240.0,818296.0,Kurt,Schrader,109062498.1,109.0,700.0,Kurt Schrader,Democrat,Kurt Schrader (D),Oregon 5th
424,Oregon,Congressional District 4,49000.0,62328.0,794776.0,Peter,DeFazio,92001788.37,92.0,575.0,Peter DeFazio,Democrat,Peter DeFazio (D),Oregon 4th
425,Oregon,Congressional District 2,95334.0,110319.0,805737.0,Greg,Walden,91008971.62,91.0,618.0,Greg Walden,Republican,Greg Walden (R),Oregon 2nd
426,Washington,Congressional District 1,50506.0,65646.0,742135.0,Suzan,DelBene,274570533.9,275.0,990.0,Suzan DelBene,Democrat,Suzan DelBene (D),Washington 1st
427,Washington,Congressional District 3,55727.0,67528.0,719101.0,Jaime Herrera,Beutler,142769662.2,143.0,942.0,Jaime Herrera Beutler,Republican,Jaime Herrera Beutler (R),Washington 3rd
428,Washington,Congressional District 10,60036.0,84327.0,735240.0,Denny,Heck,28669477.3,29.0,195.0,Denny Heck,Democrat,Denny Heck (D),Washington 10th
429,Washington,Congressional District 5,34799.0,46136.0,705266.0,Cathy,McMorris Rodgers,159803860.9,160.0,932.0,Cathy McMorris Rodgers,Republican,Cathy McMorris Rodgers (R),Washington 5th
430,Washington,Congressional District 4,265175.0,280193.0,719814.0,Dan,Newhouse,241327132.2,241.0,1889.0,Dan Newhouse,Republican,Dan Newhouse (R),Washington 4th
431,Washington,Congressional District 7,35483.0,58933.0,768042.0,Pramila,Jayapal,109436125.2,109.0,624.0,Pramila Jayapal,Democrat,Pramila Jayapal (D),Washington 7th
432,Washington,Congressional District 2,58274.0,79960.0,730430.0,Rick,Larsen,778855326.8,779.0,2467.0,Rick Larsen,Democrat,Rick Larsen (D),Washington 2nd
433,Washington,Congressional District 9,65381.0,91061.0,738464.0,Adam,Smith,308076286.2,308.0,1181.0,Adam Smith,Democrat,Adam Smith (D),Washington 9th
434,Washington,Congressional District 6,35069.0,52916.0,698764.0,Derek,Kilmer,118198693.1,118.0,529.0,Derek Kilmer,Democrat,Derek Kilmer (D),Washington 6th
435,Washington,Congressional District 8,67758.0,84873.0,737080.0,Kim,Schrier,83010359.24,83.0,596.0,Kim Schrier,Democrat,Kim Schrier (D),Washington 8th
